file,label
sess_1763846216722_1763849225518,금리
sess_1763846216722_1763849242613,금리
sess_1763846216722_1763849248229,금리
sess_1763846216722_1763849254506,금리
sess_1763846216722_1763849263388,금리
sess_1763846216722_1763849275317,금리
sess_1763846216722_1763849291174,금리
sess_1763846216722_1763849315686,금리
sess_1763846216722_1763849331066,금리
sess_1763846216722_1763849401529,금리
sess_1763846216722_1763847406684,맞다
sess_1763846216722_1763847415939,맞다
sess_1763846216722_1763847424159,맞다
sess_1763846216722_1763847433014,맞다
sess_1763846216722_1763847441129,맞다
sess_1763846216722_1763847449969,맞다
sess_1763846216722_1763847456924,맞다
sess_1763846216722_1763847474881,맞다
sess_1763846216722_1763847488814,맞다
sess_1763846216722_1763847503995,맞다
sess_1763846216722_1763848466186,신용대출
sess_1763846216722_1763848475555,신용대출
sess_1763846216722_1763848484598,신용대출
sess_1763846216722_1763848493824,신용대출
sess_1763846216722_1763848567332,신용대출
sess_1763846216722_1763848577789,신용대출
sess_1763846216722_1763848592597,신용대출
sess_1763846216722_1763848602915,신용대출
sess_1763846216722_1763848612916,신용대출
sess_1763846216722_1763848620434,신용대출
sess_1763846216722_1763849905202,신청
sess_1763846216722_1763849910311,신청
sess_1763846216722_1763849916391,신청
sess_1763846216722_1763849937773,신청
sess_1763846216722_1763849971366,신청
sess_1763846216722_1763849988438,신청
sess_1763846216722_1763849993767,신청
sess_1763846216722_1763850015843,신청
sess_1763846216722_1763850021671,신청
sess_1763846216722_1763850033478,신청
sess_1763846216722_1763847582208,아니다
sess_1763846216722_1763847592436,아니다
sess_1763846216722_1763847600072,아니다
sess_1763846216722_1763847693562,아니다
sess_1763846216722_1763847701912,아니다
sess_1763846216722_1763847709627,아니다
sess_1763846216722_1763847726801,아니다
sess_1763846216722_1763847752687,아니다
sess_1763846216722_1763847759910,아니다
sess_1763846216722_1763847776491,아니다
sess_1763846216722_1763847854047,예금
sess_1763846216722_1763847870646,예금
sess_1763846216722_1763847877179,예금
sess_1763846216722_1763847881883,예금
sess_1763846216722_1763847886676,예금
sess_1763846216722_1763847892959,예금
sess_1763846216722_1763847898650,예금
sess_1763846216722_1763847904708,예금
sess_1763846216722_1763847908857,예금
sess_1763846216722_1763847920545,예금
sess_1763846216722_1763849482340,이자율
sess_1763846216722_1763849490331,이자율
sess_1763846216722_1763849498634,이자율
sess_1763846216722_1763849522444,이자율
sess_1763846216722_1763849530764,이자율
sess_1763846216722_1763849538935,이자율
sess_1763846216722_1763849547130,이자율
sess_1763846216722_1763849566982,이자율
sess_1763846216722_1763849575949,이자율
sess_1763846216722_1763849585449,이자율
sess_1763846216722_1763848204660,적금
sess_1763846216722_1763848213182,적금
sess_1763846216722_1763848224700,적금
sess_1763846216722_1763848233547,적금
sess_1763846216722_1763848248744,적금
sess_1763846216722_1763848258591,적금
sess_1763846216722_1763848266945,적금
sess_1763846216722_1763848296323,적금
sess_1763846216722_1763848308436,적금
sess_1763846216722_1763848318202,적금
sess_1763846216722_1763849643101,해지
sess_1763846216722_1763849650330,해지
sess_1763846216722_1763849654654,해지
sess_1763846216722_1763849660230,해지
sess_1763846216722_1763849665103,해지
sess_1763846216722_1763849675975,해지
sess_1763846216722_1763849702185,해지
sess_1763846216722_1763849711631,해지
sess_1763846216722_1763849725250,해지
sess_1763846216722_1763849771247,해지
