file,label
sess_1764795811619_1764797112399,1년
sess_1764795811619_1764797119679,1년
sess_1764795811619_1764797129200,1년
sess_1764795811619_1764797134772,1년
sess_1764795811619_1764797140685,1년
sess_1764795811619_1764797148256,1년
sess_1764795811619_1764797154539,1년
sess_1764795811619_1764797160617,1년
sess_1764795811619_1764797166910,1년
sess_1764795811619_1764797174831,1년
sess_1764795811619_1764797184109,1년
sess_1764795811619_1764797190759,1년
sess_1764795811619_1764797199537,1년
sess_1764795811619_1764797208698,1년
sess_1764795811619_1764797213581,1년
sess_1764795811619_1764797224347,1년
sess_1764795811619_1764798764804,20만원
sess_1764795811619_1764798769357,20만원
sess_1764795811619_1764798774449,20만원
sess_1764795811619_1764798778728,20만원
sess_1764795811619_1764798783626,20만원
sess_1764795811619_1764798787939,20만원
sess_1764795811619_1764798793446,20만원
sess_1764795811619_1764798798092,20만원
sess_1764795811619_1764798802062,20만원
sess_1764795811619_1764798805982,20만원
sess_1764795811619_1764798809611,20만원
sess_1764795811619_1764798813769,20만원
sess_1764795811619_1764798818212,20만원
sess_1764795811619_1764798828632,20만원
sess_1764795811619_1764798832687,20만원
sess_1764795811619_1764798837036,20만원
sess_1764795811619_1764799929613,3억
sess_1764795811619_1764799935078,3억
sess_1764795811619_1764799940522,3억
sess_1764795811619_1764799945803,3억
sess_1764795811619_1764799949946,3억
sess_1764795811619_1764799954496,3억
sess_1764795811619_1764799958852,3억
sess_1764795811619_1764799972097,3억
sess_1764795811619_1764799976308,3억
sess_1764795811619_1764799981011,3억
sess_1764795811619_1764799985059,3억
sess_1764795811619_1764799989525,3억
sess_1764795811619_1764799993996,3억
sess_1764795811619_1764800002615,3억
sess_1764795811619_1764800006842,3억
sess_1764795811619_1764800010928,3억
sess_1764795811619_1764800014647,3억
sess_1764795811619_1764800019789,3억
sess_1765855290684_1765855328015,가입하고 싶어요
sess_1765855290684_1765855334555,가입하고 싶어요
sess_1765855290684_1765855339777,가입하고 싶어요
sess_1765855290684_1765855346714,가입하고 싶어요
sess_1765855290684_1765855353332,가입하고 싶어요
sess_1765855290684_1765855359587,가입하고 싶어요
sess_1765855290684_1765855367741,가입하고 싶어요
sess_1765855290684_1765855373893,가입하고 싶어요
sess_1765855290684_1765855380135,가입하고 싶어요
sess_1765855290684_1765855387538,가입하고 싶어요
sess_1765855290684_1765855393228,가입하고 싶어요
sess_1765855290684_1765855402863,가입하고 싶어요
sess_1765855290684_1765855407229,가입하고 싶어요
sess_1765855290684_1765855412801,가입하고 싶어요
sess_1765855290684_1765855418244,가입하고 싶어요
sess_1765855290684_1765855423387,가입하고 싶어요
sess_1765855290684_1765855428539,가입하고 싶어요
sess_1765855290684_1765855432670,가입하고 싶어요
sess_1765855290684_1765855438048,가입하고 싶어요
sess_1765855290684_1765855445050,가입하고 싶어요
sess_1765855290684_1765855445775,가입하고 싶어요
sess_1765855290684_1765855451520,가입하고 싶어요
sess_1764607874721_1764609773826,가져왔어요
sess_1764607874721_1764609782152,가져왔어요
sess_1764607874721_1764609791132,가져왔어요
sess_1764607874721_1764609798370,가져왔어요
sess_1764607874721_1764609805872,가져왔어요
sess_1764607874721_1764609814613,가져왔어요
sess_1764607874721_1764609823160,가져왔어요
sess_1764607874721_1764609830691,가져왔어요
sess_1764607874721_1764609837836,가져왔어요
sess_1764607874721_1764609844647,가져왔어요
sess_1764607874721_1764609878398,가져왔어요
sess_1764607874721_1764609885233,가져왔어요
sess_1764607874721_1764609891932,가져왔어요
sess_1764607874721_1764609900455,가져왔어요
sess_1764607874721_1764609911828,가져왔어요
sess_1764607874721_1764609918843,가져왔어요
sess_1764607874721_1764609934729,가져왔어요
sess_1764607874721_1764609945082,가져왔어요
sess_1764173363094_1764173916681,감사합니다
sess_1764173363094_1764173922076,감사합니다
sess_1764173363094_1764173927421,감사합니다
sess_1764173363094_1764173943893,감사합니다
sess_1764173363094_1764173948671,감사합니다
sess_1764173363094_1764173954493,감사합니다
sess_1764173363094_1764173959335,감사합니다
sess_1764173363094_1764173964271,감사합니다
sess_1764173363094_1764173969327,감사합니다
sess_1764173363094_1764173975812,감사합니다
sess_1764173363094_1764173980064,감사합니다
sess_1764173363094_1764173984283,감사합니다
sess_1764173363094_1764173998761,감사합니다
sess_1764949747258_1764951617054,감사합니다
sess_1764949747258_1764951627570,감사합니다
sess_1764949747258_1764951632534,감사합니다
sess_1764949747258_1764951637257,감사합니다
sess_1764949747258_1764951642894,감사합니다
sess_1764949747258_1764951649296,감사합니다
sess_1764949747258_1764951653490,감사합니다
sess_1764949747258_1764951658249,감사합니다
sess_1764949747258_1764951666356,감사합니다
sess_1764949747258_1764951674660,감사합니다
sess_1764949747258_1764951680561,감사합니다
sess_1764949747258_1764951685503,감사합니다
sess_1764949747258_1764951689789,감사합니다
sess_1764949747258_1764951694157,감사합니다
sess_1764949747258_1764951703342,감사합니다
sess_1764949747258_1764951712101,감사합니다
sess_1764949747258_1764951718814,감사합니다
sess_1764949747258_1764951723452,감사합니다
sess_1764949747258_1764951730663,감사합니다
sess_1764949747258_1764951735800,감사합니다
sess_1764949747258_1764951740078,감사합니다
sess_1764949747258_1764951744807,감사합니다
sess_1764607874721_1764610110488,계좌이체
sess_1764607874721_1764610147018,계좌이체
sess_1764607874721_1764610158149,계좌이체
sess_1764607874721_1764610169741,계좌이체
sess_1764607874721_1764610180049,계좌이체
sess_1764607874721_1764610199645,계좌이체
sess_1764607874721_1764610215010,계좌이체
sess_1764607874721_1764610233777,계좌이체
sess_1764607874721_1764610248487,계좌이체
sess_1764607874721_1764610257838,계좌이체
sess_1764607874721_1764610267257,계좌이체
sess_1764607874721_1764610276662,계좌이체
sess_1763846216722_1763849225518,금리
sess_1763846216722_1763849242613,금리
sess_1763846216722_1763849248229,금리
sess_1763846216722_1763849254506,금리
sess_1763846216722_1763849263388,금리
sess_1763846216722_1763849275317,금리
sess_1763846216722_1763849291174,금리
sess_1763846216722_1763849315686,금리
sess_1763846216722_1763849331066,금리
sess_1763846216722_1763849401529,금리
sess_1764949747258_1764950984400,금리
sess_1764949747258_1764951138393,금리
sess_1764949747258_1764951144393,금리
sess_1764949747258_1764951150200,금리
sess_1764949747258_1764951156761,금리
sess_1764949747258_1764951163514,금리
sess_1764949747258_1764951170886,금리
sess_1764949747258_1764951176729,금리
sess_1764949747258_1764951183146,금리
sess_1764949747258_1764951191202,금리
sess_1764949747258_1764951197831,금리
sess_1764949747258_1764951202466,금리
sess_1764949747258_1764951207342,금리
sess_1764949747258_1764951211639,금리
sess_1764949747258_1764951218648,금리
sess_1764949747258_1764951223576,금리
sess_1764949747258_1764951228361,금리
sess_1764949747258_1764951233292,금리
sess_1764949747258_1764951277821,금리
sess_1764949747258_1764951282878,금리
sess_1764949747258_1764951287874,금리
sess_1764949747258_1764951293541,금리
sess_1764949747258_1764951299008,금리
sess_1764949747258_1764951304630,금리
sess_1764949747258_1764951309996,금리
sess_1764949747258_1764951314457,금리
sess_1764949747258_1764951320555,금리
sess_1764949747258_1764951326145,금리
sess_1764949747258_1764951330823,금리
sess_1764949747258_1764951335007,금리
sess_1764607874721_1764609393344,까먹다
sess_1764607874721_1764609407082,까먹다
sess_1764607874721_1764609415416,까먹다
sess_1764607874721_1764609422462,까먹다
sess_1764607874721_1764609434814,까먹다
sess_1764607874721_1764609443942,까먹다
sess_1764607874721_1764609452088,까먹다
sess_1764607874721_1764609463053,까먹다
sess_1764607874721_1764609473637,까먹다
sess_1764607874721_1764609494932,까먹다
sess_1764607874721_1764609509453,까먹다
sess_1764607874721_1764609527852,까먹다
sess_1764607874721_1764609541763,까먹다
sess_1764607874721_1764609552536,까먹다
sess_1764607874721_1764609600348,까먹다
sess_1764607874721_1764608868853,대출
sess_1764607874721_1764608878107,대출
sess_1764607874721_1764608886100,대출
sess_1764607874721_1764608895158,대출
sess_1764607874721_1764608908337,대출
sess_1764607874721_1764608916347,대출
sess_1764607874721_1764608936068,대출
sess_1764607874721_1764608957818,대출
sess_1764607874721_1764608967061,대출
sess_1764607874721_1764608979865,대출
sess_1764607874721_1764608993242,대출
sess_1764607874721_1764609007065,대출
sess_1764607874721_1764609036196,대출
sess_1764173363094_1764174147084,도장
sess_1764173363094_1764174152743,도장
sess_1764173363094_1764174157863,도장
sess_1764173363094_1764174164992,도장
sess_1764173363094_1764174169324,도장
sess_1764173363094_1764174175193,도장
sess_1764173363094_1764174179572,도장
sess_1764173363094_1764174183908,도장
sess_1764173363094_1764174188028,도장
sess_1764173363094_1764174193135,도장
sess_1764173363094_1764174197746,도장
sess_1764173363094_1764174204495,도장
sess_1765855290684_1765855474909,만들고 싶어요
sess_1765855290684_1765855479993,만들고 싶어요
sess_1765855290684_1765855485463,만들고 싶어요
sess_1765855290684_1765855490919,만들고 싶어요
sess_1765855290684_1765855494181,만들고 싶어요
sess_1765855290684_1765855498633,만들고 싶어요
sess_1765855290684_1765855503129,만들고 싶어요
sess_1765855290684_1765855507617,만들고 싶어요
sess_1765855290684_1765855513581,만들고 싶어요
sess_1765855290684_1765855517747,만들고 싶어요
sess_1765855290684_1765855524645,만들고 싶어요
sess_1765855290684_1765855528798,만들고 싶어요
sess_1765855290684_1765855534837,만들고 싶어요
sess_1765855290684_1765855539245,만들고 싶어요
sess_1765855290684_1765855544625,만들고 싶어요
sess_1765855290684_1765855549096,만들고 싶어요
sess_1765855290684_1765855553481,만들고 싶어요
sess_1765855290684_1765855574111,만들고 싶어요
sess_1763846216722_1763847406684,맞다
sess_1763846216722_1763847415939,맞다
sess_1763846216722_1763847424159,맞다
sess_1763846216722_1763847433014,맞다
sess_1763846216722_1763847441129,맞다
sess_1763846216722_1763847449969,맞다
sess_1763846216722_1763847456924,맞다
sess_1763846216722_1763847474881,맞다
sess_1763846216722_1763847488814,맞다
sess_1763846216722_1763847503995,맞다
sess_1764173363094_1764174701381,무엇
sess_1764173363094_1764174705971,무엇
sess_1764173363094_1764174709927,무엇
sess_1764173363094_1764174713607,무엇
sess_1764173363094_1764174717205,무엇
sess_1764173363094_1764174720422,무엇
sess_1764173363094_1764174723721,무엇
sess_1764173363094_1764174728118,무엇
sess_1764173363094_1764174732427,무엇
sess_1764173363094_1764174736650,무엇
sess_1764173363094_1764174740054,무엇
sess_1764173363094_1764174743704,무엇
sess_1764173363094_1764174747322,무엇
sess_1764173363094_1764174750976,무엇
sess_1764173363094_1764174754303,무엇
sess_1764173363094_1764174757135,무엇
sess_1764173363094_1764174760430,무엇
sess_1764173363094_1764179012416,변경하다
sess_1764173363094_1764179017911,변경하다
sess_1764173363094_1764179021958,변경하다
sess_1764173363094_1764179027440,변경하다
sess_1764173363094_1764179032730,변경하다
sess_1764173363094_1764179042460,변경하다
sess_1764173363094_1764179046593,변경하다
sess_1764173363094_1764179050316,변경하다
sess_1764173363094_1764179054434,변경하다
sess_1764173363094_1764179060950,변경하다
sess_1764173363094_1764179064912,변경하다
sess_1764173363094_1764179068827,변경하다
sess_1764173363094_1764179074094,변경하다
sess_1764173363094_1764179077855,변경하다
sess_1764173363094_1764179081541,변경하다
sess_1764173363094_1764179086174,변경하다
sess_1764173363094_1764179089803,변경하다
sess_1764173363094_1764179093824,변경하다
sess_1764173363094_1764179098789,변경하다
sess_1764173363094_1764179103509,변경하다
sess_1764949747258_1764958485720,보증금
sess_1764949747258_1764958489970,보증금
sess_1764949747258_1764958493876,보증금
sess_1764949747258_1764958497716,보증금
sess_1764949747258_1764958502759,보증금
sess_1764949747258_1764958507221,보증금
sess_1764949747258_1764958512181,보증금
sess_1764949747258_1764958516682,보증금
sess_1764949747258_1764958521307,보증금
sess_1764949747258_1764958525302,보증금
sess_1764949747258_1764958530031,보증금
sess_1764949747258_1764958533922,보증금
sess_1764949747258_1764958537913,보증금
sess_1764173363094_1764177323391,보험
sess_1764173363094_1764177327395,보험
sess_1764173363094_1764177330858,보험
sess_1764173363094_1764177334502,보험
sess_1764173363094_1764177338284,보험
sess_1764173363094_1764177341557,보험
sess_1764173363094_1764177344724,보험
sess_1764173363094_1764177347746,보험
sess_1764173363094_1764177350593,보험
sess_1764173363094_1764177353904,보험
sess_1764173363094_1764177357304,보험
sess_1764173363094_1764177361674,보험
sess_1764173363094_1764177365253,보험
sess_1764173363094_1764177368458,보험
sess_1765859462501_1765859488610,부동산 대출
sess_1765859462501_1765859498637,부동산 대출
sess_1765859462501_1765859508016,부동산 대출
sess_1765859462501_1765859515289,부동산 대출
sess_1765859462501_1765859523439,부동산 대출
sess_1765859462501_1765859530911,부동산 대출
sess_1765859462501_1765859538601,부동산 대출
sess_1765859462501_1765859548980,부동산 대출
sess_1765859462501_1765859556855,부동산 대출
sess_1765859462501_1765859563800,부동산 대출
sess_1765859462501_1765859573849,부동산 대출
sess_1765859462501_1765859581788,부동산 대출
sess_1765859462501_1765859588398,부동산 대출
sess_1765859462501_1765859594675,부동산 대출
sess_1765859462501_1765859616573,부동산 대출
sess_1765859462501_1765859623609,부동산 대출
sess_1765859462501_1765859630709,부동산 대출
sess_1765859462501_1765859637394,부동산 대출
sess_1765859462501_1765859643667,부동산 대출
sess_1765859462501_1765859649885,부동산 대출
sess_1764173363094_1764178761492,비밀번호
sess_1764173363094_1764178767456,비밀번호
sess_1764173363094_1764178772835,비밀번호
sess_1764173363094_1764178778259,비밀번호
sess_1764173363094_1764178783481,비밀번호
sess_1764173363094_1764178788644,비밀번호
sess_1764173363094_1764178793922,비밀번호
sess_1764173363094_1764178799510,비밀번호
sess_1764173363094_1764178804512,비밀번호
sess_1764173363094_1764178809342,비밀번호
sess_1764173363094_1764178815911,비밀번호
sess_1764173363094_1764178825134,비밀번호
sess_1764173363094_1764178830824,비밀번호
sess_1764173363094_1764178837016,비밀번호
sess_1764173363094_1764178842338,비밀번호
sess_1764173363094_1764178855406,비밀번호
sess_1764173363094_1764178861420,비밀번호
sess_1764173363094_1764178866347,비밀번호
sess_1764173363094_1764178872597,비밀번호
sess_1764173363094_1764178881459,비밀번호
sess_1764173363094_1764178887606,비밀번호
sess_1764173363094_1764178893919,비밀번호
sess_1764173363094_1764178898579,비밀번호
sess_1764607874721_1764609191473,비밀번호
sess_1764607874721_1764609200090,비밀번호
sess_1764607874721_1764609309802,비밀번호
sess_1764607874721_1764609322679,비밀번호
sess_1764607874721_1764609348262,비밀번호
sess_1764607874721_1764609355102,비밀번호
sess_1764607874721_1764609362263,비밀번호
sess_1764607874721_1764609369112,비밀번호
sess_1765860580338_1765860597539,사업 대출
sess_1765860580338_1765860605522,사업 대출
sess_1765860580338_1765860613501,사업 대출
sess_1765860580338_1765860622055,사업 대출
sess_1765860580338_1765860630551,사업 대출
sess_1765860580338_1765860638851,사업 대출
sess_1765860580338_1765860647003,사업 대출
sess_1765860580338_1765860653966,사업 대출
sess_1765860580338_1765860661197,사업 대출
sess_1765860580338_1765860668308,사업 대출
sess_1765860580338_1765860675134,사업 대출
sess_1765860580338_1765860683150,사업 대출
sess_1765860580338_1765860689446,사업 대출
sess_1765860580338_1765860695562,사업 대출
sess_1765860580338_1765860701511,사업 대출
sess_1765860580338_1765860708868,사업 대출
sess_1765860580338_1765860715879,사업 대출
sess_1765860580338_1765860723365,사업 대출
sess_1765860580338_1765860730036,사업 대출
sess_1765860580338_1765860737415,사업 대출
sess_1765860580338_1765860825765,생명 보험
sess_1765860580338_1765860833906,생명 보험
sess_1765860580338_1765860839081,생명 보험
sess_1765860580338_1765860843345,생명 보험
sess_1765860580338_1765860847828,생명 보험
sess_1765860580338_1765860851957,생명 보험
sess_1765860580338_1765860856602,생명 보험
sess_1765860580338_1765860860902,생명 보험
sess_1765860580338_1765860865461,생명 보험
sess_1765860580338_1765860869683,생명 보험
sess_1765860580338_1765860874019,생명 보험
sess_1765860580338_1765860879683,생명 보험
sess_1765860580338_1765860883854,생명 보험
sess_1765860580338_1765860888191,생명 보험
sess_1765860580338_1765860892362,생명 보험
sess_1765860580338_1765860898192,생명 보험
sess_1765860580338_1765860903045,생명 보험
sess_1765860580338_1765860909618,생명 보험
sess_1765860580338_1765860914450,생명 보험
sess_1765859462501_1765859743783,생활비 대출
sess_1765859462501_1765859749774,생활비 대출
sess_1765859462501_1765859757456,생활비 대출
sess_1765859462501_1765859764257,생활비 대출
sess_1765859462501_1765859771039,생활비 대출
sess_1765859776740_1765859782339,생활비 대출
sess_1765859776740_1765859788001,생활비 대출
sess_1765859776740_1765859793654,생활비 대출
sess_1765859776740_1765859802544,생활비 대출
sess_1765859776740_1765859808076,생활비 대출
sess_1765859776740_1765859816046,생활비 대출
sess_1765859776740_1765859821396,생활비 대출
sess_1765859776740_1765859827650,생활비 대출
sess_1765859776740_1765859834907,생활비 대출
sess_1765859776740_1765859841160,생활비 대출
sess_1765859776740_1765859847564,생활비 대출
sess_1765859776740_1765859856371,생활비 대출
sess_1765859776740_1765859861738,생활비 대출
sess_1765859776740_1765859869103,생활비 대출
sess_1765859776740_1765859874703,생활비 대출
sess_1765859776740_1765859880103,생활비 대출
sess_1765859776740_1765859885698,생활비 대출
sess_1765859776740_1765859891098,생활비 대출
sess_1765859776740_1765859897616,생활비 대출
sess_1765856620240_1765856958407,생활비 통장
sess_1765856963913_1765856973299,생활비 통장
sess_1765856963913_1765856980450,생활비 통장
sess_1765856963913_1765856986687,생활비 통장
sess_1765856963913_1765856992370,생활비 통장
sess_1765856963913_1765856997421,생활비 통장
sess_1765856963913_1765857003986,생활비 통장
sess_1765856963913_1765857009773,생활비 통장
sess_1765856963913_1765857020037,생활비 통장
sess_1765857025592_1765857035525,생활비 통장
sess_1765857038867_1765857045034,생활비 통장
sess_1765857038867_1765857054116,생활비 통장
sess_1765857038867_1765857059584,생활비 통장
sess_1765857038867_1765857065023,생활비 통장
sess_1765857038867_1765857069884,생활비 통장
sess_1765857038867_1765857074271,생활비 통장
sess_1765857077359_1765857083542,생활비 통장
sess_1765857077359_1765857088685,생활비 통장
sess_1764173363094_1764177885975,서류
sess_1764173363094_1764177890597,서류
sess_1764173363094_1764177895393,서류
sess_1764173363094_1764177907472,서류
sess_1764173363094_1764177912153,서류
sess_1764173363094_1764177916368,서류
sess_1764173363094_1764177920646,서류
sess_1764173363094_1764177925682,서류
sess_1764173363094_1764177930925,서류
sess_1764173363094_1764177935328,서류
sess_1764173363094_1764177939675,서류
sess_1764173363094_1764177943745,서류
sess_1764173363094_1764177949517,서류
sess_1764173363094_1764177955841,서류
sess_1764173363094_1764177959780,서류
sess_1764173363094_1764177964281,서류
sess_1764173363094_1764177969253,서류
sess_1764173363094_1764177978255,서류
sess_1764173363094_1764177982839,서류
sess_1764173363094_1764177987489,서류
sess_1764607874721_1764610330813,수수료
sess_1764607874721_1764610346688,수수료
sess_1764607874721_1764610357785,수수료
sess_1764607874721_1764610373964,수수료
sess_1764607874721_1764610397529,수수료
sess_1764607874721_1764610411884,수수료
sess_1764607874721_1764610422872,수수료
sess_1764607874721_1764610432238,수수료
sess_1764607874721_1764610517767,수수료
sess_1764607874721_1764610525061,수수료
sess_1764607874721_1764610529825,수수료
sess_1764607874721_1764610542558,수수료
sess_1764949747258_1764955679140,수수료
sess_1764949747258_1764955686761,수수료
sess_1764949747258_1764955691561,수수료
sess_1764949747258_1764955696010,수수료
sess_1764949747258_1764955700589,수수료
sess_1764949747258_1764955705214,수수료
sess_1764173363094_1764175304411,신분증
sess_1764173363094_1764175309386,신분증
sess_1764173363094_1764175313513,신분증
sess_1764173363094_1764175317294,신분증
sess_1764173363094_1764175321163,신분증
sess_1764173363094_1764175325249,신분증
sess_1764173363094_1764175372810,신분증
sess_1764173363094_1764175376731,신분증
sess_1764173363094_1764175381108,신분증
sess_1764173363094_1764175395718,신분증
sess_1764173363094_1764175399864,신분증
sess_1764173363094_1764175404599,신분증
sess_1764173363094_1764175408240,신분증
sess_1764173363094_1764175412819,신분증
sess_1764173363094_1764175416911,신분증
sess_1764173363094_1764175421099,신분증
sess_1764173363094_1764175425845,신분증
sess_1764173363094_1764175430700,신분증
sess_1764173363094_1764175434641,신분증
sess_1764173363094_1764175438849,신분증
sess_1764173363094_1764175442701,신분증
sess_1764173363094_1764175447062,신분증
sess_1764173363094_1764175451070,신분증
sess_1764173363094_1764175458007,신분증
sess_1764173363094_1764175461815,신분증
sess_1764607874721_1764608525744,신용대출
sess_1764607874721_1764608539823,신용대출
sess_1764607874721_1764608550844,신용대출
sess_1764607874721_1764608561609,신용대출
sess_1764607874721_1764608575753,신용대출
sess_1764607874721_1764608597143,신용대출
sess_1764607874721_1764608622334,신용대출
sess_1764607874721_1764608659628,신용대출
sess_1764607874721_1764608678328,신용대출
sess_1764607874721_1764608691679,신용대출
sess_1764607874721_1764608711696,신용대출
sess_1764607874721_1764608762017,신용대출
sess_1764607874721_1764608776209,신용대출
sess_1764173363094_1764181590036,아닙니다
sess_1764173363094_1764181595542,아닙니다
sess_1764173363094_1764181598965,아닙니다
sess_1764173363094_1764181602989,아닙니다
sess_1764173363094_1764181606693,아닙니다
sess_1764173363094_1764181609432,아닙니다
sess_1764173363094_1764181614996,아닙니다
sess_1764173363094_1764181618391,아닙니다
sess_1764173363094_1764181621923,아닙니다
sess_1764173363094_1764181625617,아닙니다
sess_1764173363094_1764181630911,아닙니다
sess_1765857656034_1765857902654,아이적금
sess_1765857656034_1765857909302,아이적금
sess_1765857656034_1765857914993,아이적금
sess_1765857656034_1765857920820,아이적금
sess_1765857656034_1765857926565,아이적금
sess_1765857656034_1765857932698,아이적금
sess_1765857656034_1765857939207,아이적금
sess_1765857656034_1765857950853,아이적금
sess_1765857656034_1765857960484,아이적금
sess_1765857656034_1765857966460,아이적금
sess_1765857656034_1765857972871,아이적금
sess_1765857656034_1765857979994,아이적금
sess_1765857656034_1765857986898,아이적금
sess_1765857656034_1765857993647,아이적금
sess_1765857656034_1765858003825,아이적금
sess_1765857656034_1765858012128,아이적금
sess_1765857656034_1765858019180,아이적금
sess_1765857656034_1765858030786,아이적금
sess_1765857656034_1765858037681,아이적금
sess_1765857656034_1765858044118,아이적금
sess_1765857656034_1765858050205,아이적금
sess_1765857656034_1765858056987,아이적금
sess_1765857656034_1765858065373,아이적금
sess_1764173363094_1764173718526,안녕하세요
sess_1764173363094_1764173724113,안녕하세요
sess_1764173363094_1764173730155,안녕하세요
sess_1764173363094_1764173739543,안녕하세요
sess_1764173363094_1764173745695,안녕하세요
sess_1764173363094_1764173754075,안녕하세요
sess_1764173363094_1764173759867,안녕하세요
sess_1764173363094_1764173765318,안녕하세요
sess_1764173363094_1764173770743,안녕하세요
sess_1764173363094_1764173777100,안녕하세요
sess_1764173363094_1764173782473,안녕하세요
sess_1764173363094_1764173789937,안녕하세요
sess_1764173363094_1764173796615,안녕하세요
sess_1764173363094_1764181830527,알겠습니다
sess_1764173363094_1764181834459,알겠습니다
sess_1764173363094_1764181838873,알겠습니다
sess_1764173363094_1764181844672,알겠습니다
sess_1764173363094_1764181850251,알겠습니다
sess_1764173363094_1764181854797,알겠습니다
sess_1764173363094_1764181861919,알겠습니다
sess_1764173363094_1764181875215,알겠습니다
sess_1764173363094_1764181885191,알겠습니다
sess_1764173363094_1764181891968,알겠습니다
sess_1764173363094_1764181898993,알겠습니다
sess_1764173363094_1764181904988,알겠습니다
sess_1764173363094_1764181910772,알겠습니다
sess_1764949747258_1764951489335,알겠습니다
sess_1764949747258_1764951495041,알겠습니다
sess_1764949747258_1764951499996,알겠습니다
sess_1764949747258_1764951505293,알겠습니다
sess_1764949747258_1764951513234,알겠습니다
sess_1764949747258_1764951523834,알겠습니다
sess_1764949747258_1764951529789,알겠습니다
sess_1764949747258_1764951535390,알겠습니다
sess_1764949747258_1764951539071,알겠습니다
sess_1764949747258_1764951545171,알겠습니다
sess_1764949747258_1764951547917,알겠습니다
sess_1764949747258_1764951551965,알겠습니다
sess_1764173363094_1764179237063,언제
sess_1764173363094_1764179242368,언제
sess_1764173363094_1764179247886,언제
sess_1764173363094_1764179259863,언제
sess_1764173363094_1764179264290,언제
sess_1764173363094_1764179270084,언제
sess_1764173363094_1764179275280,언제
sess_1764173363094_1764179285138,언제
sess_1764173363094_1764179289758,언제
sess_1764173363094_1764179294980,언제
sess_1764173363094_1764179299891,언제
sess_1764173363094_1764179304685,언제
sess_1764173363094_1764179309791,언제
sess_1764173363094_1764179314438,언제
sess_1764173363094_1764179322058,언제
sess_1764173363094_1764179441266,얼마
sess_1764173363094_1764179467799,얼마
sess_1764173363094_1764179471351,얼마
sess_1764173363094_1764179488546,얼마
sess_1764173363094_1764179497928,얼마
sess_1764173363094_1764179501388,얼마
sess_1764173363094_1764179504756,얼마
sess_1764173363094_1764179508164,얼마
sess_1764173363094_1764179513557,얼마
sess_1764173363094_1764179517098,얼마
sess_1764173363094_1764179519957,얼마
sess_1764173363094_1764179523206,얼마
sess_1764173363094_1764179528762,얼마
sess_1764173363094_1764179532768,얼마
sess_1764173363094_1764181690069,없다
sess_1764173363094_1764181694220,없다
sess_1764173363094_1764181698232,없다
sess_1764173363094_1764181702952,없다
sess_1764173363094_1764181706162,없다
sess_1764173363094_1764181710513,없다
sess_1764173363094_1764181713875,없다
sess_1764173363094_1764181717761,없다
sess_1764173363094_1764181722484,없다
sess_1764173363094_1764181727178,없다
sess_1764173363094_1764181732125,없다
sess_1764173363094_1764181738309,없다
sess_1764173363094_1764181744028,없다
sess_1764173363094_1764181749578,없다
sess_1764173363094_1764181753004,없다
sess_1764173363094_1764181757187,없다
sess_1764173363094_1764181760503,없다
sess_1764949747258_1764959111182,연장하다
sess_1764949747258_1764959117832,연장하다
sess_1764949747258_1764959123162,연장하다
sess_1764949747258_1764959129655,연장하다
sess_1764949747258_1764959134350,연장하다
sess_1764949747258_1764959139822,연장하다
sess_1764949747258_1764959146522,연장하다
sess_1764949747258_1764959152618,연장하다
sess_1764949747258_1764959161485,연장하다
sess_1764949747258_1764959181742,연장하다
sess_1764949747258_1764959198482,연장하다
sess_1764949747258_1764959204343,연장하다
sess_1764173363094_1764181355581,예
sess_1764173363094_1764181361390,예
sess_1764173363094_1764181365567,예
sess_1764173363094_1764181368388,예
sess_1764173363094_1764181372044,예
sess_1764173363094_1764181375049,예
sess_1764173363094_1764181378406,예
sess_1764173363094_1764181382837,예
sess_1764173363094_1764181412451,예
sess_1764173363094_1764181417715,예
sess_1764173363094_1764181421024,예
sess_1764173363094_1764181436988,예
sess_1764173363094_1764181445825,예
sess_1764173363094_1764181449212,예
sess_1764173363094_1764181452551,예
sess_1764173363094_1764181455604,예
sess_1764173363094_1764181465228,예
sess_1764173363094_1764181468019,예
sess_1764173363094_1764181470553,예
sess_1764173363094_1764181474211,예
sess_1764173363094_1764181477305,예
sess_1763846216722_1763847854047,예금
sess_1763846216722_1763847870646,예금
sess_1763846216722_1763847877179,예금
sess_1763846216722_1763847881883,예금
sess_1763846216722_1763847886676,예금
sess_1763846216722_1763847892959,예금
sess_1763846216722_1763847898650,예금
sess_1763846216722_1763847904708,예금
sess_1763846216722_1763847908857,예금
sess_1763846216722_1763847920545,예금
sess_1764173363094_1764174350476,원하다
sess_1764173363094_1764174355508,원하다
sess_1764173363094_1764174384267,원하다
sess_1764173363094_1764174395473,원하다
sess_1764173363094_1764174401800,원하다
sess_1764173363094_1764174407368,원하다
sess_1764173363094_1764174414129,원하다
sess_1764173363094_1764174418891,원하다
sess_1764173363094_1764174429678,원하다
sess_1764173363094_1764174436113,원하다
sess_1764173363094_1764174441388,원하다
sess_1764173363094_1764174446167,원하다
sess_1764173363094_1764174450254,원하다
sess_1764173363094_1764174457221,원하다
sess_1764173363094_1764174461545,원하다
sess_1764173363094_1764174467610,원하다
sess_1765856571758_1765856593952,월급 통장
sess_1765856571758_1765856602068,월급 통장
sess_1765856571758_1765856608521,월급 통장
sess_1765856571758_1765856614214,월급 통장
sess_1765856620240_1765856635694,월급 통장
sess_1765856620240_1765856641606,월급 통장
sess_1765856620240_1765856647291,월급 통장
sess_1765856620240_1765856653499,월급 통장
sess_1765856620240_1765856658953,월급 통장
sess_1765856620240_1765856664277,월급 통장
sess_1765856620240_1765856669045,월급 통장
sess_1765856620240_1765856675995,월급 통장
sess_1765856620240_1765856680647,월급 통장
sess_1765856620240_1765856690516,월급 통장
sess_1765856620240_1765856696033,월급 통장
sess_1765856620240_1765856701050,월급 통장
sess_1765856620240_1765856706096,월급 통장
sess_1765856620240_1765856710842,월급 통장
sess_1765856620240_1765856715806,월급 통장
sess_1765856620240_1765856721600,월급 통장
sess_1765856620240_1765856727454,월급 통장
sess_1765856620240_1765856732653,월급 통장
sess_1765856620240_1765856738643,월급 통장
sess_1764949747258_1764958304722,월세
sess_1764949747258_1764958308429,월세
sess_1764949747258_1764958311836,월세
sess_1764949747258_1764958315496,월세
sess_1764949747258_1764958318720,월세
sess_1764949747258_1764958324696,월세
sess_1764949747258_1764958328027,월세
sess_1764949747258_1764958331290,월세
sess_1764949747258_1764958336801,월세
sess_1764949747258_1764958340341,월세
sess_1764949747258_1764958343486,월세
sess_1764949747258_1764958362378,월세
sess_1764949747258_1764958366636,월세
sess_1764949747258_1764958369866,월세
sess_1764949747258_1764958372986,월세
sess_1763846216722_1763849482340,이자율
sess_1763846216722_1763849490331,이자율
sess_1763846216722_1763849498634,이자율
sess_1763846216722_1763849522444,이자율
sess_1763846216722_1763849530764,이자율
sess_1763846216722_1763849538935,이자율
sess_1763846216722_1763849547130,이자율
sess_1763846216722_1763849566982,이자율
sess_1763846216722_1763849575949,이자율
sess_1763846216722_1763849585449,이자율
sess_1764173363094_1764177010321,이체
sess_1764173363094_1764177015598,이체
sess_1764173363094_1764177020653,이체
sess_1764173363094_1764177030994,이체
sess_1764173363094_1764177035654,이체
sess_1764173363094_1764177041615,이체
sess_1764173363094_1764177046232,이체
sess_1764173363094_1764177050568,이체
sess_1764173363094_1764177055172,이체
sess_1764173363094_1764177060150,이체
sess_1764173363094_1764177072004,이체
sess_1764173363094_1764177076106,이체
sess_1764173363094_1764177080424,이체
sess_1764173363094_1764177228921,이체
sess_1764173363094_1764177233698,이체
sess_1764173363094_1764177237996,이체
sess_1764173363094_1764177241959,이체
sess_1764173363094_1764177246340,이체
sess_1764173363094_1764177250079,이체
sess_1764173363094_1764177254236,이체
sess_1764949747258_1764959340002,인하
sess_1764949747258_1764959349882,인하
sess_1764949747258_1764959354792,인하
sess_1764949747258_1764959358748,인하
sess_1764949747258_1764959362554,인하
sess_1764949747258_1764959365800,인하
sess_1764949747258_1764959369070,인하
sess_1764949747258_1764959372755,인하
sess_1764949747258_1764959376472,인하
sess_1764949747258_1764959384492,인하
sess_1764949747258_1764959388455,인하
sess_1764949747258_1764959393319,인하
sess_1764949747258_1764959397514,인하
sess_1764949747258_1764959400876,인하
sess_1764949747258_1764959403716,인하
sess_1764949747258_1764959406712,인하
sess_1764949747258_1764959410062,인하
sess_1764949747258_1764955009687,입금
sess_1764949747258_1764955021617,입금
sess_1764949747258_1764955025016,입금
sess_1764949747258_1764955034934,입금
sess_1764949747258_1764955042464,입금
sess_1764949747258_1764955047726,입금
sess_1764949747258_1764955056245,입금
sess_1764949747258_1764955083159,입금
sess_1764949747258_1764955086521,입금
sess_1764949747258_1764955090088,입금
sess_1764949747258_1764955098129,입금
sess_1764949747258_1764955101341,입금
sess_1764949747258_1764955106859,입금
sess_1764949747258_1764955110096,입금
sess_1764949747258_1764955114097,입금
sess_1764949747258_1764955117605,입금
sess_1764949747258_1764955124023,입금
sess_1764949747258_1764955303366,입금
sess_1764949747258_1764955306402,입금
sess_1764949747258_1764955312643,입금
sess_1764949747258_1764955315608,입금
sess_1764949747258_1764955321009,입금
sess_1764949747258_1764955325659,입금
sess_1764949747258_1764955338402,입금
sess_1764173363094_1764176128525,있다
sess_1764173363094_1764176131703,있다
sess_1764173363094_1764176135603,있다
sess_1764173363094_1764176139106,있다
sess_1764173363094_1764176142540,있다
sess_1764173363094_1764176146797,있다
sess_1764173363094_1764176149855,있다
sess_1764173363094_1764176152921,있다
sess_1764173363094_1764176156047,있다
sess_1764173363094_1764176158942,있다
sess_1764173363094_1764176253326,있다
sess_1764173363094_1764176266542,있다
sess_1764173363094_1764176274836,있다
sess_1764173363094_1764176277856,있다
sess_1764173363094_1764176280484,있다
sess_1764173363094_1764176283324,있다
sess_1764173363094_1764176286791,있다
sess_1764173363094_1764176290025,있다
sess_1764173363094_1764176293360,있다
sess_1764173363094_1764176303456,있다
sess_1764173363094_1764176307150,있다
sess_1764173363094_1764176310854,있다
sess_1764173363094_1764176314240,있다
sess_1764173363094_1764177780506,있다
sess_1764173363094_1764177783745,있다
sess_1764173363094_1764177786996,있다
sess_1764173363094_1764177790022,있다
sess_1764173363094_1764177793196,있다
sess_1764173363094_1764177797737,있다
sess_1764173363094_1764177800269,있다
sess_1764173363094_1764177803119,있다
sess_1764173363094_1764177806567,있다
sess_1764173363094_1764177811276,있다
sess_1765859776740_1765859969955,자동차 대출
sess_1765859776740_1765859976731,자동차 대출
sess_1765859776740_1765859993192,자동차 대출
sess_1765859776740_1765859998602,자동차 대출
sess_1765859776740_1765860003893,자동차 대출
sess_1765859776740_1765860009020,자동차 대출
sess_1765859776740_1765860015836,자동차 대출
sess_1765859776740_1765860022338,자동차 대출
sess_1765859776740_1765860027555,자동차 대출
sess_1765859776740_1765860032873,자동차 대출
sess_1765859776740_1765860037662,자동차 대출
sess_1765859776740_1765860044238,자동차 대출
sess_1765859776740_1765860049471,자동차 대출
sess_1765859776740_1765860055287,자동차 대출
sess_1765859776740_1765860060827,자동차 대출
sess_1765859776740_1765860066453,자동차 대출
sess_1765860079474_1765860088979,자동차 대출
sess_1765860079474_1765860094958,자동차 대출
sess_1765860079474_1765860100882,자동차 대출
sess_1765860079474_1765860115610,자동차 대출
sess_1765860079474_1765860121455,자동차 대출
sess_1765860079474_1765860127726,자동차 대출
sess_1765860079474_1765860158043,자동차 보험
sess_1765860079474_1765860163901,자동차 보험
sess_1765860079474_1765860169095,자동차 보험
sess_1765860079474_1765860174123,자동차 보험
sess_1765860079474_1765860179453,자동차 보험
sess_1765860079474_1765860184758,자동차 보험
sess_1765860079474_1765860189945,자동차 보험
sess_1765860079474_1765860194785,자동차 보험
sess_1765860079474_1765860199453,자동차 보험
sess_1765860079474_1765860206452,자동차 보험
sess_1765860079474_1765860211611,자동차 보험
sess_1765860079474_1765860217574,자동차 보험
sess_1765860079474_1765860222606,자동차 보험
sess_1765860079474_1765860227351,자동차 보험
sess_1765860079474_1765860232228,자동차 보험
sess_1765860079474_1765860236910,자동차 보험
sess_1765860079474_1765860241834,자동차 보험
sess_1764173363094_1764180034907,잔액
sess_1764173363094_1764180039984,잔액
sess_1764173363094_1764180044960,잔액
sess_1764173363094_1764180049701,잔액
sess_1764173363094_1764180054350,잔액
sess_1764173363094_1764180059239,잔액
sess_1764173363094_1764180064724,잔액
sess_1764173363094_1764180072507,잔액
sess_1764173363094_1764180078019,잔액
sess_1764173363094_1764180083301,잔액
sess_1764173363094_1764180087670,잔액
sess_1764173363094_1764180092192,잔액
sess_1764173363094_1764180096668,잔액
sess_1764173363094_1764180100658,잔액
sess_1764173363094_1764180107514,잔액
sess_1764173363094_1764180112151,잔액
sess_1764173363094_1764180115897,잔액
sess_1764173363094_1764180121365,잔액
sess_1765858597146_1765858609604,장애인 적금
sess_1765858597146_1765858638342,장애인 적금
sess_1765858597146_1765858646846,장애인 적금
sess_1765858651893_1765858659382,장애인 적금
sess_1765858651893_1765858671213,장애인 적금
sess_1765858679416_1765858693254,장애인 적금
sess_1765858679416_1765858700840,장애인 적금
sess_1765858679416_1765858707836,장애인 적금
sess_1765858679416_1765858714968,장애인 적금
sess_1765858679416_1765858722953,장애인 적금
sess_1765858679416_1765858730935,장애인 적금
sess_1765858679416_1765858744753,장애인 적금
sess_1765858679416_1765858753711,장애인 적금
sess_1765858679416_1765858762253,장애인 적금
sess_1765858774784_1765858796508,장애인 적금
sess_1765858774784_1765858809289,장애인 적금
sess_1765858774784_1765858817263,장애인 적금
sess_1764173363094_1764175779873,저
sess_1764173363094_1764175782937,저
sess_1764173363094_1764175786293,저
sess_1764173363094_1764175792906,저
sess_1764173363094_1764175799080,저
sess_1764173363094_1764175829347,저
sess_1764173363094_1764175832914,저
sess_1764173363094_1764175837023,저
sess_1764173363094_1764175839619,저
sess_1764173363094_1764175842952,저
sess_1764173363094_1764175847055,저
sess_1764173363094_1764175850704,저
sess_1764607874721_1764608212619,적금
sess_1764607874721_1764608236593,적금
sess_1764607874721_1764608251376,적금
sess_1764607874721_1764608260507,적금
sess_1764607874721_1764608278473,적금
sess_1764607874721_1764608289337,적금
sess_1764607874721_1764608304748,적금
sess_1764607874721_1764608324563,적금
sess_1764607874721_1764608339497,적금
sess_1764607874721_1764608347138,적금
sess_1764607874721_1764608358945,적금
sess_1764607874721_1764608372453,적금
sess_1764607874721_1764608402215,적금
sess_1764949747258_1764958194047,전세
sess_1764949747258_1764958198290,전세
sess_1764949747258_1764958202136,전세
sess_1764949747258_1764958206212,전세
sess_1764949747258_1764958209906,전세
sess_1764949747258_1764958213506,전세
sess_1764949747258_1764958219126,전세
sess_1764949747258_1764958224026,전세
sess_1764949747258_1764958228468,전세
sess_1764949747258_1764958231776,전세
sess_1764949747258_1764958235113,전세
sess_1764949747258_1764958240906,전세
sess_1764949747258_1764958248032,전세
sess_1764949747258_1764958251466,전세
sess_1764795811619_1764796648839,정기예금
sess_1764795811619_1764796661674,정기예금
sess_1764795811619_1764796688593,정기예금
sess_1764795811619_1764796699923,정기예금
sess_1764795811619_1764796726635,정기예금
sess_1764795811619_1764796737698,정기예금
sess_1764795811619_1764796747715,정기예금
sess_1764795811619_1764796757559,정기예금
sess_1764795811619_1764796770591,정기예금
sess_1764795811619_1764796801455,정기예금
sess_1764795811619_1764796815587,정기예금
sess_1764795811619_1764796837611,정기예금
sess_1764795811619_1764796866396,정기예금
sess_1764795811619_1764796876845,정기예금
sess_1764795811619_1764796974465,정기예금
sess_1764949747258_1764953283708,주택
sess_1764949747258_1764953288191,주택
sess_1764949747258_1764953296210,주택
sess_1764949747258_1764953300246,주택
sess_1764949747258_1764953304318,주택
sess_1764949747258_1764953308619,주택
sess_1764949747258_1764953312237,주택
sess_1764949747258_1764953320866,주택
sess_1764949747258_1764953345744,주택
sess_1764949747258_1764953352025,주택
sess_1764949747258_1764953365734,주택
sess_1764949747258_1764953372789,주택
sess_1764949747258_1764959891864,지원금
sess_1764949747258_1764959898655,지원금
sess_1764949747258_1764959899488,지원금
sess_1764949747258_1764959905250,지원금
sess_1764949747258_1764959929439,지원금
sess_1764949747258_1764959935208,지원금
sess_1764949747258_1764959940827,지원금
sess_1764949747258_1764959945522,지원금
sess_1764949747258_1764959950581,지원금
sess_1764949747258_1764959955300,지원금
sess_1764949747258_1764959960386,지원금
sess_1764949747258_1764959965330,지원금
sess_1764949747258_1764959991727,지원금
sess_1764949747258_1764959997060,지원금
sess_1764949747258_1764960011771,지원금
sess_1764949747258_1764960015963,지원금
sess_1764949747258_1764960020730,지원금
sess_1764949747258_1764960025487,지원금
sess_1765857466402_1765857495179,직장인 적금
sess_1765857466402_1765857504703,직장인 적금
sess_1765857466402_1765857512817,직장인 적금
sess_1765857466402_1765857521873,직장인 적금
sess_1765857466402_1765857532681,직장인 적금
sess_1765857466402_1765857540162,직장인 적금
sess_1765857553567_1765857561957,직장인 적금
sess_1765857553567_1765857569647,직장인 적금
sess_1765857553567_1765857577166,직장인 적금
sess_1765857553567_1765857584402,직장인 적금
sess_1765857553567_1765857592963,직장인 적금
sess_1765857553567_1765857601612,직장인 적금
sess_1765857553567_1765857612683,직장인 적금
sess_1765857553567_1765857621025,직장인 적금
sess_1765857553567_1765857628219,직장인 적금
sess_1765857656034_1765857677299,직장인 적금
sess_1765857656034_1765857687092,직장인 적금
sess_1765857656034_1765857701293,직장인 적금
sess_1764795811619_1764798070998,천만원
sess_1764795811619_1764798077838,천만원
sess_1764795811619_1764798084364,천만원
sess_1764795811619_1764798117170,천만원
sess_1764795811619_1764798121297,천만원
sess_1764795811619_1764798125403,천만원
sess_1764795811619_1764798129935,천만원
sess_1764795811619_1764798134183,천만원
sess_1764795811619_1764798138373,천만원
sess_1764795811619_1764798146216,천만원
sess_1764795811619_1764798150244,천만원
sess_1764795811619_1764798155925,천만원
sess_1764795811619_1764798159993,천만원
sess_1764795811619_1764798164161,천만원
sess_1764795811619_1764798170710,천만원
sess_1764795811619_1764798176953,천만원
sess_1764795811619_1764798183097,천만원
sess_1765857656034_1765858205551,청년 적금
sess_1765857656034_1765858214331,청년 적금
sess_1765857656034_1765858221590,청년 적금
sess_1765857656034_1765858230244,청년 적금
sess_1765857656034_1765858238999,청년 적금
sess_1765857656034_1765858245944,청년 적금
sess_1765857656034_1765858252965,청년 적금
sess_1765857656034_1765858260387,청년 적금
sess_1765857656034_1765858267228,청년 적금
sess_1765857656034_1765858275900,청년 적금
sess_1765857656034_1765858284147,청년 적금
sess_1765857656034_1765858291687,청년 적금
sess_1765857656034_1765858299294,청년 적금
sess_1765857656034_1765858307313,청년 적금
sess_1765858326018_1765858338207,청년 적금
sess_1765858326018_1765858347249,청년 적금
sess_1765858473700_1765858485512,청년 적금
sess_1765858473700_1765858492485,청년 적금
sess_1764949747258_1764954058124,최소
sess_1764949747258_1764954062592,최소
sess_1764949747258_1764954067542,최소
sess_1764949747258_1764954071457,최소
sess_1764949747258_1764954075702,최소
sess_1764949747258_1764954080200,최소
sess_1764949747258_1764954084628,최소
sess_1764949747258_1764954088771,최소
sess_1764949747258_1764954094594,최소
sess_1764949747258_1764954098931,최소
sess_1764949747258_1764954102862,최소
sess_1764949747258_1764954106866,최소
sess_1764949747258_1764954114401,최소
sess_1764949747258_1764954130671,최소
sess_1764949747258_1764954135433,최소
sess_1764949747258_1764954140134,최소
sess_1764949747258_1764955197870,출금
sess_1764949747258_1764955201486,출금
sess_1764949747258_1764955206415,출금
sess_1764949747258_1764955210007,출금
sess_1764949747258_1764955213191,출금
sess_1764949747258_1764955217132,출금
sess_1764949747258_1764955220356,출금
sess_1764949747258_1764955223335,출금
sess_1764949747258_1764955226123,출금
sess_1764949747258_1764955229193,출금
sess_1764949747258_1764955232402,출금
sess_1764949747258_1764955237549,출금
sess_1764949747258_1764955240430,출금
sess_1764949747258_1764955243624,출금
sess_1764949747258_1764955262313,출금
sess_1764949747258_1764955265270,출금
sess_1764949747258_1764955268185,출금
sess_1764949747258_1764955271017,출금
sess_1764949747258_1764955274087,출금
sess_1764949747258_1764955276804,출금
sess_1764949747258_1764955280237,출금
sess_1764949747258_1764955282935,출금
sess_1764173363094_1764176451604,카드
sess_1764173363094_1764176469615,카드
sess_1764173363094_1764176472505,카드
sess_1764173363094_1764176475645,카드
sess_1764173363094_1764176479782,카드
sess_1764173363094_1764176482473,카드
sess_1764173363094_1764176484886,카드
sess_1764173363094_1764176488690,카드
sess_1764173363094_1764176491731,카드
sess_1764173363094_1764176513785,카드
sess_1764173363094_1764176516902,카드
sess_1764173363094_1764176520105,카드
sess_1764173363094_1764176523161,카드
sess_1764173363094_1764176526568,카드
sess_1764173363094_1764176530239,카드
sess_1764173363094_1764176532743,카드
sess_1764173363094_1764173391221,통장
sess_1764173363094_1764173430249,통장
sess_1764173363094_1764173436566,통장
sess_1764173363094_1764173442010,통장
sess_1764173363094_1764173542528,통장
sess_1764173363094_1764173580929,통장
sess_1764173363094_1764173586572,통장
sess_1764173363094_1764173591796,통장
sess_1764173363094_1764173598468,통장
sess_1764173363094_1764173607657,통장
sess_1765855290684_1765856375094,통장
sess_1765855290684_1765856379074,통장
sess_1765855290684_1765856383199,통장
sess_1765855290684_1765856422361,통장
sess_1765855290684_1765856427790,통장
sess_1765855290684_1765856432614,통장
sess_1765855290684_1765856441029,통장
sess_1765855290684_1765856446514,통장
sess_1765855290684_1765856450620,통장
sess_1765855290684_1765856454999,통장
sess_1765855290684_1765856458931,통장
sess_1765855290684_1765856463235,통장
sess_1765855290684_1765856467249,통장
sess_1764949747258_1764953860403,"한도,최대"
sess_1764949747258_1764953865747,"한도,최대"
sess_1764949747258_1764953870310,"한도,최대"
sess_1764949747258_1764953874908,"한도,최대"
sess_1764949747258_1764953879444,"한도,최대"
sess_1764949747258_1764953885777,"한도,최대"
sess_1764949747258_1764953889763,"한도,최대"
sess_1764949747258_1764953895737,"한도,최대"
sess_1764949747258_1764953899964,"한도,최대"
sess_1764949747258_1764953909746,"한도,최대"
sess_1764949747258_1764953914751,"한도,최대"
sess_1764949747258_1764953919668,"한도,최대"
sess_1764949747258_1764953924354,"한도,최대"
sess_1764949747258_1764953931163,"한도,최대"
sess_1764949747258_1764953937530,"한도,최대"
sess_1764949747258_1764953943711,"한도,최대"
sess_1765855290684_1765855776178,해지하고 싶어요
sess_1765855290684_1765855800127,해지하고 싶어요
sess_1765855290684_1765855804836,해지하고 싶어요
sess_1765855290684_1765855808902,해지하고 싶어요
sess_1765855290684_1765855813244,해지하고 싶어요
sess_1765855290684_1765855822683,해지하고 싶어요
sess_1765855290684_1765855828066,해지하고 싶어요
sess_1765855290684_1765855833713,해지하고 싶어요
sess_1765855290684_1765855838312,해지하고 싶어요
sess_1765855290684_1765855844456,해지하고 싶어요
sess_1765855290684_1765855851794,해지하고 싶어요
sess_1765855290684_1765855857386,해지하고 싶어요
sess_1765855290684_1765855867669,해지하고 싶어요
sess_1765855290684_1765855871935,해지하고 싶어요
sess_1765855290684_1765855877502,해지하고 싶어요
sess_1765855290684_1765855881837,해지하고 싶어요
sess_1765855290684_1765855886576,해지하고 싶어요
sess_1765855290684_1765855891377,해지하고 싶어요
sess_1765855290684_1765855895963,해지하고 싶어요
sess_1765855290684_1765855897229,해지하고 싶어요
sess_1765855290684_1765855903677,해지하고 싶어요
sess_1765855290684_1765855908100,해지하고 싶어요
